,开盘涨幅,高板ddemin,高板热度max,低板ddemin,低板热度max,实体涨跌幅(1),dde大单净额(1),dde大单净额(2),分时换手率,分时成交额,竞价金额(1),分时委比,分时量比,振幅(1),target
4297,-2.436647173,68908569,2,-111317310,150,5.882,4392344,40672144,1.831580886,36690654,20483691,-81.19858989,26.35089749,9.11039657,0
3431,-2.975653742,9225643.39,128,30116051,54,8.09,8452750.4,30675377.5,1.773210732,12705408,10053261,-96.17316431,16.98756717,8.23412698,0
3201,2.999631947,-10993245,5,-18954176,55,4.541,54922842,29678693.4,5.026647559,46242414,17976400,-9.193618212,55.55333594,5.72874494,0
5573,-0.649953575,24738437.2,16,71242333,32,8.241,6342369,129029623,0.590189534,38970470,32381529,-44.09991484,12.30436188,10.112359,0
2402,3.363518758,39380980,65,8124984,475,0.39,25682113,9985839,1.568496318,40209675,61422130,-96.18544916,52.34142585,2.13371266,0
626,3.510436433,3942925,16,-489410700,39,0,27439836,8344388.6,0.691074891,9743721,21455762,-88.97637795,26.77146219,0,0
4572,-0.166944908,4896077,22,9421040.5,612,0,90392616.2,47904621,3.157507607,135073250,7173025,-97.22817651,28.64975333,0,0
1282,-0.402414487,9626719,14,-686759120,249,14.696,-21692962,-15632115,0.780968274,20978100,22822064,-96.15669233,9.406771032,19.0821256,0
5630,-4.075691412,27796365,4,26041968,71,5.53,52992134,11233160,3.381714344,39897178,34388424,81.99193669,52.31194003,5.764611,0
4431,1.680672269,-70460584,9,-29717550,298,0,58628573.4,62575330,1.351338167,31674412,60430580,35.1441705,24.58238005,0.23094688,0
2881,1.449275362,7798297.7,35,-123361188,15,0.485,-17641209,-13547449.5,1.755536899,27097350,32334790,89.2795389,31.91837398,15.09032944,1
777,-2.377179081,-10445961.1,59,-444922120,161,4.494,6239584,-42434595,0.435240366,10797248,16010720,-56.53846154,6.231754306,5.05666957,0
2854,0,-47784637,140,-199384840,492,6.57,12004609.5,12686122.1,1.487771112,12012624,8015000,-64.87455197,13.48300693,7.82403307,0
1524,-1.826484018,45039515,44,-79484469,132,13.178,17925000,-34183633,1.44940323,60867360,43901884,-80.7627567,27.76080788,13.31658291,0
192,-5.184108527,-113592976,60,-1325247860,1640,0,39015819,-2085005,0.631760505,19799751.8,10768300.8,45.00983494,8.824892351,3.41151386,0
3475,-4.046997389,-227943406,22,-72056408,66,9.429,-184662502,28628003,0.652341311,26573190,126116200,-94.24460432,12.21420426,10.26561378,1
2885,3.588516746,-84948253,158,-302926610,406,7.254,19374265,-397035.4,0.76894136,10342205,29235180,-80.96571029,27.44041023,9.21052632,1
3170,-3.011093502,-60012520,13,-429883610,64,10.094,42799112,50384079,3.067153285,36002736,52644680,-6.643356643,15.28584126,15.09339975,0
3648,-1.57480315,-45597976,60,-50667166.8,170,0,10926851.2,2536453.2,0.865550211,16074000,3573018,-96.8627451,43.67504744,0,0
3064,1.913393756,-37183403,157,-31217753,488,0,26238495.77,8798154.8,4.909663507,47494758.96,6183699,14.48488437,361.1193716,0,0
6633,-2.411021814,-56399858,22,-35652648,119,7.232,-7871757,35850375,0.807597554,17931600,16656250,98.59265051,5.280332762,15.693084,0
4336,2.428393524,39881291,12,-6555873.6,674,7.475,-11762646,-5018430,1.007912269,26316710,20409740,-97.59995661,17.68596964,9.10958904,0
5561,1.146325017,-1461632,23,-657719.7,46,0,49658183,5393121.1,2.309368407,44193000,31691710,-82.82828283,46.64843646,9.124629,0
6664,0,-96643810,12,-15103515.4,57,5.86,-179430567,3144526,1.576659342,58504897,52199040,6.426495895,12.60900857,9.832402,0
3619,-4.338394794,-54684558,33,-2401546.5,266,11.622,42182593,-11518289,0.243541017,18219033,25239463,-1.951937224,7.24070674,14.55847255,0
5856,2.281021898,12505039,41,30890034,245,7.882,64953232,83935851,0.635776076,39316362,23936391,-3.721981043,7.251800696,10.687405,0
5229,0.536480687,41070455,21,-229711111,133,0,10058126,67301406,1.269945079,55875633.76,55158686.48,97.79946197,15.5173897,5.312868,1
2516,-6.28115653,4659018,57,-19274918.3,252,4.697,-1450338,19361116.6,0.865106192,9473320,7946610,98.4506133,17.37454997,6.35964912,1
1852,-4.576409698,11631632,59,-17390586.3,153,1.17,12239453.8,-8028023,1.809117647,21546953,26190493,93.14159292,15.58266518,4.135451,0
5361,-2.175843694,28248402,47,-136975643,17,0,68015012,57897246,1.553339484,95669306,400329030,89.31752787,28.01761269,3.126526,0
1077,-1.850813236,-25590845,139,-151469814,574,8.659,14862963,19501978.1,0.355735808,11851000,21273464,25.66206252,10.24353145,9.74706971,0
1096,-0.960080849,47508851,113,-93343827,487,4.491,56702224.9,15828193.4,1.568019093,10301760,6741200,12.72727273,33.88563681,8.2823791,1
4219,-2.031930334,-886788,22,-73405702,283,0,-9274519,54569803,0.533972741,20121412.5,26667056,5.175890657,14.74297672,7.66773163,0
4200,1.334586466,53248672,4,-37529769,205,5.106,347185880,192637645,0.287916623,44233155,95054236,59.40594059,7.746094249,6.61703888,0
678,0.276243094,28058068,21,-41400709,832,0,59653251,22084749,0.377060238,46670910,3927700,-59.45273632,26.08087062,0,0
413,-0.727272727,-112537723,270,-123134203,1109,5.634,12413454,6333528,0.269432438,5033574,4815646,-98.676957,10.02030681,10,0
43,3.924829536,126418950,68,3248705,214,0.985,-309027550,-50594580,0.444792295,82349322,139198130,-82.8104856,9.827651009,8.47054519,1
984,2.140368342,27035586,41,-56428072,795,5.905,12841170,-686052,0.168253214,31044913.2,42132500,85.55664683,6.028124312,6.49364871,0
3163,1.925254813,29872189.4,42,-5581289,98,11.185,70875171,-90335402,0.979674365,51010200,60276506,-83.46765861,6.467011532,14.76635514,1
3761,-8.421052632,-93514882.1,23,-33869376.8,84,14.734,17714986,-10176443,0.537674804,5559300,4458780,98.41532235,8.700156045,14.12037037,0
1002,-0.274977085,16605520,9,-735317460,210,8.02,15664975.4,-292559.5,1.331638891,9859456,3206750,-97.35649547,47.89013571,8.97177419,1
3134,-4.576802508,-222384936,10,3032863.5,291,13.979,53916739,60094387.6,0.472046516,5148926,9433200,-34.29394813,4.622410126,17.5862069,1
6425,2.891566265,-252798504,30,-212001447,45,3.106,-8150841,11995073.6,1.179074092,18209996,8645700,-11.33137102,17.86731556,8.54870775,0
1730,-0.403429148,-3462120.2,235,1596430.2,233,13.791,63778354,72411023,1.086602061,13951400,6383376,-92.85182427,11.59486605,14.81276006,0
2442,2.164111812,17587829,120,28541648,99,6.866,72998160,28569336,0.413471602,52788736,46985120,-99.22720247,8.697044458,7.83730159,0
3186,0.502512563,-87584955,12,-13101924,176,6.989,48104578,10085725,1.699269733,50050400,16091801,73.7055083,16.40496455,19.88950276,1
5115,-6.14334471,34163446.8,26,-63347968,122,3.717,-79103118,20502432.2,1.112496829,19082426,70431770,98.84871189,19.36611405,6.760563,1
1022,-0.426742532,-35329337,20,-28523867.8,110,8.154,-255229,31752875,1.414909746,14551600,15093000,-81.05726872,17.77648873,14.1627543,1
131,1.797159734,-105118932,444,-815894390,1525,10.589,100829530,74570234,0.239420477,27191700,28762384,-80.62283737,8.437838502,12.8836052,0
1697,-0.647773279,27382439,48,-95144695,43,0,48819220,37230415,0.497919964,44082490.35,269951240,80.24522476,15.70054887,8.45948353,1
217,0.832002689,-240601658,322,-139109680,992,10.096,-39958992,1352577,0.015127433,1967672,3180198,-64.7466163,1.380893788,10.28011463,0
761,0,-25232312,2,10804726,60,9.407,-33860702,-22845932,0.938919645,33774814.43,11905971,84.69357719,9.855148034,9.8423056,0
2119,0.555555556,90052131,61,-15285223,403,6.825,21057945,2551250,0.945169388,44832976,32655974,36.9499075,10.36895761,12.2324159,0
1054,2.888888889,29790662,30,-10869001,122,4.895,25261498.1,-20591314.1,0.635834645,9176660,4301583,-77.61452031,23.781145,14.66992665,1
1688,2.775510204,-1386136,60,48819220,68,0.417,27382439,33591289,2.609813321,81355321,186065860,-46.71086327,68.57662836,3.05206463,0
5675,3.711790393,15063840,21,-24984704.9,104,3.737,-14522119,7835223,2.75477716,90939700,90545010,-28.5475793,25.96903595,4.444444,0
1641,-0.911854103,37623584,41,-8031005,367,4.444,-30627089,-31649030,1.131575341,47523954,33508440,-76.34962341,16.8535147,9.36454849,0
2520,-4.858299595,4659018,57,-19274918.3,252,8.018,-94970705,-23492535,0.745073858,24577698.25,10360236,17.64783266,12.80743617,9.60559796,0
1906,-4.095643939,-348665974,40,-129540993,307,12.64,-901794450,-268342970,0.916706753,239277864.9,154361250,86.65551096,6.85510791,16.05113636,0
3252,0,-30019015,48,-126688312,285,1.409,-167223750,61708680,2.059095243,107492422.2,75925014,90.65527082,13.63507798,17.50764526,1
1907,1.639344262,-348665974,40,-129540993,307,0,-9880838,10750564,2.340414775,55861380,55475645,-9.420289855,40.46903932,6.03278689,0
5946,-3.811898824,-37000716,17,-6344379.8,58,0,26329941.2,14342061.4,2.029190286,26943300,11985047.9,-94.57553567,125.1800713,0,0
5342,-3.568904594,15712169,58,-163286584,40,10.346,29915794,51126024,1.084218198,16278485,18793007,-85.07992895,11.65374776,13.797123,1
3883,3.362391034,7237913,67,4366515.9,257,0.885,-5405788,9383967,1.549889098,58764000,78975936,43.46983951,19.58263289,3.83561644,0
948,2.02247191,10135563,39,14752360,224,5.785,-88477498,146381647,0.620106276,27648463.8,22641037,97.79777169,9.715265634,13.01482702,1
2082,3.761348898,15855104,45,-20658247,122,0,61938001,50335378,1.980708976,25792000,88009650,41.87884109,31.8231302,5.01167315,1
1877,3.136531365,12446330,50,4345575,211,0,25763450,-48865898.3,1.014400307,37617905,48877018,-16.43307309,44.16822685,4.25963489,0
2899,-1.790033866,96822405,17,-84948253,158,3.464,-12800132,76717250,1.437525003,21883400,47630000,-13.73801917,7.522423974,14.47578499,0
815,-0.225225225,-34639710,61,-27575808,251,5.714,24521323,-8730067,1.031075217,30984306,22869000,-87.56127075,18.67241393,8.17843866,0
3460,2.28960396,-46059067,38,25233067.12,99,0,71965443,32988688,3.152054892,157929273,42834310,-88.80966013,133.8593637,0,1
5320,1.434977578,-521421054,4,-24316104,109,7.178,77183003,-6741332,1.04394139,32507044,33850197,37.71996691,16.79510476,9.960552,0
730,3.202479339,59960472,19,-128172750,364,0,38100964,7266168.8,3.688511762,79321599,3082112,-93.04311539,342.7980094,0,0
3060,-8.424908425,-164084740,4,-37183403,157,0,-255473010,-20328722,1.650183257,83117500,6927375,-79.15881984,29.11057246,8.46091861,0
3916,-8.755274262,-66695471.3,42,21817279.4,166,0,32532468.4,31242741.4,2.889723972,124222174.3,4643872.8,-42.03125583,92.06319715,0,0
5228,-0.569568755,56535436,7,5661804.5,71,0,41070455,-167271271,1.680237695,49669412,107392478,-94.52701109,25.48302362,5.282005,0
4213,2.110279101,-355204020,3,-31487770,26,3.68,46567511,18629842,1.049499552,17798115,16111290,97.53628158,36.255808,5.39325843,1
480,2.040816327,-118705829,33,-20250838,460,0.869,2064390,15526662.7,1.378223104,15650300,29173261,-76.71133802,23.51493433,15.13002364,0
452,-2.694828842,-226510870,380,-846998450,815,0.676,36108941,12748173.4,0.356190935,5684012,6963220,29.91913747,4.971155854,9.99839769,0
3892,-0.250626566,-5405788,189,-79313560,395,11.142,94952637,101706102,0.216514138,27096198.2,25389198,-23.00749487,10.95205478,12.12121212,0
2658,-1.709819248,7137900.4,66,-32347845,167,2.35,4415510.5,41658015,1.272654627,16021556,34843300,-67.76315789,16.74770816,2.52552391,1
5615,2.613636364,19320306,18,-97234288.8,48,9.726,68877520,115182976,2.250260974,100391856,50708359,28.75423141,30.27486102,11.5,0
5092,-5.415860735,18533207,25,4173975.9,300,11.663,63922245,10634059,0.677473699,14104227,10542047,32.93338616,10.76013302,15.31914894,0
338,-1.605995717,-17873457,127,-120385630,551,11.975,-1416502,34454551,0.309858429,5394530,10633560,-52.53644315,5.84461835,11.89634865,0
720,1.014656144,-154036147,10,-54652748,311,0,-86502925,17456364,1.153656942,35374976,8653572,8.953404152,45.30716791,0.62034739,1
6066,-4.701397713,32003124,9,16768725,61,12.429,-55320590,28625859,1.149070862,40603500,60856600,-84.53959833,8.679979919,14.53529,0
5623,-0.091743119,22249179,2,14911864,119,3.891,-21312250,55686336,2.081589051,87044315,49554750,8.822490641,58.22090525,6.659939,0
4730,3.830369357,38962097,1,2198965.4,327,9.173,-23422638,65635323,1.078655879,32863941,52343080,-49.49221395,16.28870375,10.00752445,1
5223,-0.033955857,-3481272,8,-24171370,2,0,2646084,-26471973,1.459398239,24814976,44448885,-85.0491742,12.5026964,5.416511,0
1214,2.99796748,21400156.6,211,-86110730,616,9.465,13962805,4178477,0.334985423,2329023,2932200,-35.66433566,8.361093031,10.00558971,1
5107,-7.747196738,99411067,3,29233262,44,2.938,38158053,-5641578.2,2.605848035,37484195,38632714,-51.00146533,31.85453457,5.15695067,0
3688,-4.761904762,-97104976,8,-71197999,284,5.894,-97743696,15927717.6,1.483003891,24769693.6,21150450,96.33005077,22.0488676,8.24345146,0
1739,-0.998336106,-33821446.2,114,5786131.6,117,4.706,-76495939,26686340,1.58295496,32569110,25164300,-98.70075789,18.96825773,11.61939616,1
3143,0,-222384936,10,3032863.5,291,0,10929875,13695421,2.195703847,42185964.8,38583855,75.38400945,46.57087348,0,0
3979,3.136531365,40376621.8,31,1480968,269,10.156,37763129,-43793833,2.514166248,29885313.9,25522104,90.08704658,20.37723887,14.61434371,0
4217,-5.063291139,19010414,68,9596274,202,0.959,67826120,56956043.5,0.821323061,16456500,18699246,-41.34877384,23.60864882,6.72853828,0
1527,-5.367231638,17925000,100,-45594097,298,0,-79484469,26096436.8,1.503920553,48069485,176477120,6.970009875,24.01292451,9.62732919,1
5381,-0.667779633,141683290,14,-60000536,139,0,265710.2,17007806,1.244672481,19339880,34811484,-27.51091703,31.22428723,1.652892,0
3582,1.694915254,-253694188,19,-15284472,299,5.897,58560628,-55095879,1.376263396,49545006,31427159,65.83141348,12.10193507,6.12516644,0
2985,-0.995024876,41157495.8,32,-91013810,239,0,8517036,33461428,1.487970026,62585898,5844276,-29.89466941,40.70288396,4.19708029,0
232,-0.453720508,8831925,635,-7032716.4,586,0,183501727,112078069,0.576537062,56845443,103824280,-99.32154664,16.57822076,5.38922156,0
5814,-0.835073069,56608660,17,-24005256,130,0,38246689.2,109923232.8,0.652735473,28623500,21058038,-79.55771584,11.41279843,1.262916,0
2879,-1.492537313,-17641209,38,-194591170,66,3.077,-123361188,-18888051,1.143503803,28892820,43145050,84.89899703,15.71988339,16.58456486,1
4821,0.452488688,40547885,7,-38623145,187,11.111,22425624,36830366,0.957709106,42672840,39973130,87.64845606,4.709400578,13.98705824,0
3912,-4.593639576,21817279.4,166,-59657370,178,2.909,54379684.1,31714377,1.574361327,36270990,39879304,64.65043205,21.30139134,4.01554404,0
391,-7.387465001,-363897713,2,-61492328,607,0.935,-15124115,-28079845,0.372956396,8557000,13864400,-88.43930636,7.319058227,5.59109216,1
5405,1.406607785,23244104,23,3105262,160,18.71,49282653,62871543,2.052670975,36938670,17827800,72.53652642,14.79097174,20.007196,0
1378,-6.382978723,-51914517,49,-292413375,622,10.142,-60662262,115852054,0.756580603,14116520,14057267,26.05250893,10.15540015,14.05152225,0
6472,3.231017771,-279165479,31,-16259797,151,14.502,-77282239,52876581,1.33507174,52618455,51773262,9.946848899,6.76787115,15.813788,0
2905,-6.629213483,-522909110,382,-132626484,156,6.167,-204456068,-84948253,1.379246755,25179300,66887597,27.77846765,16.7201903,10.8776267,0
3727,2.040816327,-56512613,4,-47726375,127,8.413,32985652,19043067,0.666162711,27821850,24117650,-98.04639805,17.38576817,13.68983957,0
4825,2.919708029,40547885,7,-38623145,187,9.163,-3038111,-36872700,0.59263444,42270390,29021373,5.258867063,11.89626168,9.23694779,0
3890,-1.840490798,7237913,67,4366515.9,257,11.203,44330844,68718004.2,0.943,7544000,13406552,-97.37470167,10.81620429,20.46525324,1
5346,-5.335628227,-24015493.7,49,-22356170.4,157,0,-39646032,-30302806,1.26411885,23436050,31284817,-62.18931782,16.92588509,12.878787,0
5009,1.592920354,35951417.2,12,9100816.4,137,5.019,66899925,44956158,1.25577146,48726860,42665843,12.34795429,12.53408899,8.17916261,0
6526,1.338199513,-241119646,27,-74525476,202,0,1936739,28835411,3.61862394,78677683,52606192,-4.955349551,77.64719892,0,1
70,2.634279849,5343980,307,-514959100,1274,3.251,78403135,178851820,0.149587853,108333000,101079393,-93.48341232,9.365543791,4.70455401,0
3241,1.933885872,17718895,64,5803245,465,0,25688341,5163240.2,0.46063437,24460200,88500207,92.66917293,29.827356,9.99685633,0
4491,1.604278075,-112404160,21,-105458532,178,1.961,-15355259,58278212,1.691227408,62052244.4,109284526,90.18222356,21.1341537,9.85294118,1
364,2.389078498,-523841800,1,-82346138,617,4.108,23782104,35165547,0.388757881,24406800,27361995,-29.43112325,7.284573471,5.221843,1
3773,-3.944174757,-8475198.7,21,-115145231,162,0,-37270071,36855533.7,3.148083565,26578253.4,15151712,92.3941614,26.51008223,13.2176235,0
1536,-2.200488998,21761811.2,49,-54080280,136,3.388,-170106764,65849430,1.466218027,96703200,100864138,-96.89945816,11.1612113,4.48430493,0
6562,0.15503876,-153037670,146,-37961254,210,0,10521020,54961858.2,4.38784688,113465817,48249148,-5.714343549,192.7349833,0,0
5123,-6.516679597,-11458494,12,-78140250,16,17.182,54506457,-79103118,1.184552098,22257856.25,19082426,89.29842038,13.70256768,16.126279,0
4921,-4.87804878,16705841.8,35,-27052512,140,0,20836662,17802229,1.063808497,23072907,42193756,-0.822639026,15.23691584,5.12195122,1
1861,1.546391753,-285022500,5,-8743136.9,298,9.296,79716081,95866372,0.670854973,45455780,18719864,-13.56510834,14.96501548,9.91501416,0
1731,0.287907869,-3462120.2,235,1596430.2,233,4.32,106611108,93581418,1.397288644,68300729.75,95080670,73.4032765,33.14312831,5.91341077,0
6738,2.078953516,14707763,21,3920518.4,47,8.188,-138284056,173663038,1.982536874,77554390,58899945,42.22222222,9.07002832,19.989722,0
4221,3.032178218,93379063,26,-886788,22,7.754,38290264,46567511,0.755277456,14217435,17798115,0.237341772,16.4097995,9.18992512,0
4579,3.258655804,77490806,10,-28316525,320,6.323,49367988,88889306,0.823856656,55713591.18,22415778,13.27172873,15.19201936,12.77072442,0
4914,-7.685512367,45463396.4,7,-14971701,130,17.455,5353337,673405,1.18451619,16460840,18801258,8.708133971,11.80147966,16.13216715,0
111,-3.433268859,-38600277,194,-198759790,602,0.244,11055340,18009107.2,0.235190603,8469277,21170506,68.99696049,6.55820638,12.12765957,1
5497,-3.02690583,-51924432,7,-79621650,52,0,705743,-7848607.8,3.044611021,46911545,12972677.1,-64.39803145,53.34770262,0,0
3580,-4.034896401,6491343,30,-253694188,19,0,-50087809,36171997.4,1.046472175,70288240,23928271,-82.91467507,33.81411257,2.0383693,0
3564,2.307692308,4709126,39,-98831850,34,4.273,60234271,-21609680,0.912904875,41696032,38976890,20.72072072,13.81970717,9.52380952,0
6544,-8.316961362,-115492009.5,67,-136540061,177,15.507,133083707,-74525476,1.44362004,29913800,34119498,-81.49466192,9.86819467,14.769452,0
3828,0,142440,103,-181029190,903,1.051,11158641,27244105.8,0.410771568,9973744,29934408,-71.0653753,24.93698821,3.156708,0
5937,1.639344262,-24304285,13,-89747840,175,13.594,56641234,-23090583,1.404437818,27441200,17041158,92.09131396,15.66166392,13.165013,1
296,-1.875901876,-23458751,121,-16833323.1,705,0,176040100,21383025,0.510851575,58250160,11449364.9,-84.92191707,17.83995327,7.03703704,0
1188,-1.050420168,7975794,54,9103531.8,182,0.23,-11621989.9,4618811,0.92032743,12167366.55,21942150,88.53319083,51.32766963,10.3926097,1
1515,-2.763819095,18900918,54,22726714,305,0,-34183633,40018774,1.161570048,43901883.72,22526593,12.39265653,34.76754508,6.07734807,1
1279,-1.164021164,-147507972,17,-21692962,89,6.575,9626719,89798887,1.060728475,31880222,36534096,50.73818898,8.358190305,8.26542491,0
3172,1.698404529,35894714.8,53,29350940.7,49,7.973,-429883610,70875171,1.158123819,66197976,51010200,-75.62076749,7.606346093,13.70328426,0
668,1.1969222,67188001,39,8889559,138,11.435,-22313155,6255693,0.362704941,16181196.8,10442414,93.26599327,4.75635173,14.31034483,0
1881,2.50102501,25763450,23,-23533955,290,6.423,24137400,216876849,0.448917777,58517500,75790080,72.88778387,7.275317767,9.9684258,0
3742,-0.51457976,-54062640,15,-251555650,161,10.168,-43940695,51814898.8,1.309737096,12616160,14401160,-52.03243992,18.68097193,15,1
4831,0,-37071051,9,-114914400.7,287,3.537,52265461,26784737,0.88789124,48055924,53410207,-35.05820531,44.19224253,5.46075085,1
4876,-8.58849888,52348431.5,10,-397998,30,18.496,-1359274,32054217.7,2.149763332,23519160,24075780,93.86401327,26.74765973,19.55628595,0
3789,2.860816458,-27711491.1,42,-35950437.4,354,10.729,10884870,-1247209.2,0.32729927,9043840,3332660,81.21350597,17.79629548,15.59405941,0
4854,1.342281879,-132350240,20,63627278.1,42,4.745,-29370418,15176773.8,1.057082452,18362808,19534908,85.27340694,18.28959777,6.82656827,1
6456,0.373731981,-54993972.2,160,-195237000,197,0.375,-59777914,-11240219.2,3.075463689,45531363,39799914,79.8497098,29.30463029,5.81327,1
5216,0.223928343,-26471973,68,-52518475,187,5.275,160072222,96027801,0.624380369,40362439,67273470,78.99940084,12.30554402,6.966924,0
5600,3.99194901,4776630,47,-6547677,362,8.415,38348596,-85555686,0.731443945,40535600,43571413,-87.68460869,11.0121911,8.560885,0
4227,2.208201893,38290264,33,-9274519,30,0,-886788,-6436493,1.582321408,78012720,44864376,-14.93135894,40.53594931,0,0
820,-8.650190114,-34639710,61,-27575808,251,3.239,-47457559,60957380.3,1.430435065,14818706.49,23364651,99.30272185,12.4496525,11.29707113,0
4880,-3.524229075,111172973.7,8,-1395825,147,13.5,-7279548,1022792,1.320440102,27065772,24512000,2.434397724,17.62652942,15.98062954,1
3560,-0.531914894,4709126,39,-98831850,34,17.986,108598831,-58464922,1.110172021,24040720,27162972,-81.76930007,11.69415777,19.59064327,0
4772,-2.927580894,19176221.7,10,-140266550,134,0,70013523,88104670,1.778183787,78592500,38796571,-28.66810911,49.47498321,0,0
3576,-3.523489933,36171997.4,33,-55095879,147,0,-155246798,65097352,1.530033243,49008400,215295230,75.32808399,12.9821301,4.93770189,0
4216,1.917545542,19010414,68,9596274,202,10.814,-31487770,75927837.7,1.165637982,53189331,111658086,89.46378175,17.55845109,16.56118143,0
2473,0.042462845,103361180,22,-23824790,765,2.482,214346403,46855100,0.174078689,19649040,80986116,-58.37797742,18.31485977,4.90425035,1
4343,2.578086267,-12712333,2,22800332.9,111,3.021,-5724016,2738103,1.193828233,17849263,24721708,38.8372093,9.19068248,7.47001091,1
1583,-1.417128774,-55956703,8,-10093029,219,6.985,16287323,21670748,1.099911069,11352000,17636471,-34.16149068,14.18511914,14.44067797,0
4170,-5.183585313,14843385,80,-82567487,96,11.298,66424702,-11798312,1.902867995,39093160.72,41998944,14.33651204,25.00148204,11.16389549,0
6574,-7.161921708,-28027441,40,19503931,311,12.4,-39154812.4,28970970.2,2.254151256,25392946,27388000,30.98640641,20.48509523,19.960861,1
4278,0.539374326,13165523.8,30,7463187.2,77,7.044,28014766.2,18848016,2.654606669,52270754,30717886,97.77391167,17.3300584,7.23606168,1
3263,-3.158559697,72667344,30,-129182713,178,10.007,400730070,-167223750,1.161289583,64583757,107492422,71.43558282,7.406715811,10.00694927,0
134,-0.840336134,-105118932,444,-815894390,1525,0.848,91909503,19107405.9,0.489533477,17366650,74240880,-64.56666319,11.00565751,8.31792976,0
6521,1.242236025,-19511740,16,-73302442,180,8.345,-73508629,28696037,2.216334884,40616340,32846544,30.24602026,17.85496751,9.904371,1
3598,1.568627451,88064257,11,-43184616,44,4.68,17806095,68984871,3.45692077,127078350,73339434,-14.88700181,29.3936126,5.608283,0
5964,1.387406617,10726012,47,-51405998,151,5.43,269811,-18686144,2.144890826,16474900,10666222,-77.53424658,21.93817053,6.69014,1
5441,-1.019796041,-136389460,1,-23855507,51,9.954,-14387202,-11787851,1.181366379,13566812,12936976,-41.40723001,19.60257809,9.966996,0
6637,2.988338192,-33009737,15,-68386162,49,14.333,-49986840,31017369.8,1.357835994,38784024,15438000,79.50764319,29.85469957,18.444266,0
4177,3.867403315,14843385,80,-82567487,96,0,98991009,65475098.7,3.14764411,236111080,22010514,-93.21125106,184.4723788,0,0
6110,-7.469879518,86670836,1,-92459673,197,0,-1811450.7,5587896.9,0.752422956,11969280,21134937,44.14721567,33.06459818,0,0
2843,-2.222222222,-47784637,140,-199384840,492,2.307,-64518910,-367257,0.672275859,17420700,37404400,-96.44111449,14.515758,14.76050831,0
5502,-2.81030445,27070405,6,-82403556,114,0,-118566784,31870204,1.614838956,40521430,6654368,44.51461988,18.55527924,1.675257,0
5081,3.975535168,-236669021,23,6530795,201,0,68444125,-20458067,1.738941855,51780300,47120079,-2.978723404,24.78370461,0,0
4112,-7.81671159,-23967821,62,-83150692,211,0,17708118.3,28973075.8,0.865603532,14401756.8,61429742,-20.59765208,16.43323508,5.63241107,0
1035,-4.583772392,-1370534.2,11,18741740.1,137,22.633,-39288508,-20746084,0.986752168,31732342,59054378,13.95348837,14.628143,20,0
800,0,66151792,12,-21611704,111,4.645,-14018301,13491334.3,1.980846665,20939209,12136500,-84.19354839,63.12692674,6.91994573,0
6550,1.43442623,10577288,5,-304340600,169,5.172,25836216.9,-15001535.1,0.807708702,18510030,21199232,-71.76835574,34.12462425,5.975197,0
2910,2.142857143,-204456068,72,-41299390.8,145,0,-84194592,16954566.5,1.803270375,34873410,16509108,-71.40811456,26.2090382,7.86163522,1
2160,-2.188183807,-172556670,6,-22559881,431,1.917,277970120,230958950,0.05464368,19571649.15,62266512,87.24221747,2.21025778,7.46268657,0
6438,-8.056171471,55316104,12,7215503,94,0,-39540714.9,-57797510,3.94098086,73251696,46037719,-4.786545925,51.47274712,0,1
1281,0.630517024,9626719,14,-686759120,249,8.906,28111875.2,23771588.8,0.921830183,15535464,10142080,-11.58730159,22.75847201,9.43134535,0
3434,3.555555556,-157502242,31,16816736.6,158,0,-58377120,37685373.5,2.076192389,67528362.9,74208785,46.39158059,42.19131824,18.0781759,1
4924,-4.539007092,16705841.8,35,-27052512,140,10.675,2365037,53928503,1.490418984,63269954.86,111228481,30.11020077,22.41858923,11.54446178,0
3357,0.507614213,15419549,190,37849952,137,9.444,55767839.9,10416007,1.4088523,22630212,9833040,-57.484375,35.53055703,10.05586592,0
1848,0.566572238,-17390586.3,153,-52653701,593,9.969,95866372,32921304,0.306626776,18719863.55,19457094,50.67843135,7.556217849,11.83800623,1
844,-1.327433628,-21185516,16,-12935688.4,182,0,-51829843,14730300,1.298041615,36129122,83409820,-86.29760952,20.53086196,9.00243309,0
258,2.752293578,-52589,53,-31743159,437,4.836,-63129382,19265586,1.666250641,26051200,42809000,-94.52948506,43.49947413,5.53088413,0
2417,-5.0256996,-83783571,60,22922208,572,7.029,-115447360,41256865,1.307571623,45889237.75,74177188,94.18941156,13.90232755,6.90954774,1
3018,-4.04040404,58946744,82,-568902340,446,0,69491629,-39295139,0.926011994,33954900,77118149,-41.59407666,16.40383257,3.33333333,0
2571,-5.719557196,57766247,7,-8534375,26,6.133,-6531009,23066373.4,0.722769612,8559965.4,9936906,5.036407767,11.49733871,8.79566982,0
162,1.090604027,-21013312,455,-26806744,1633,9.158,29415145,-29832778,0.403355547,21504008.25,9211020,1.974132063,6.436509726,9.22509225,0
1589,3.442340792,-144692503,118,-29372476.3,365,0,45128309,48938921,3.649669622,154253759.8,21477176,-61.86937689,264.9656126,0,0
2763,1.203966006,13255771.8,103,-6384947.2,456,1.159,1193874,21545207,0.603676975,26257875,25768764,96.76411105,15.64069279,10.20249221,0
435,-0.35942492,-64605749,132,-75719450,749,9.044,8571860,-12290531,0.57829087,10873210,11909400,-38.38383838,5.938651758,11.15747859,0
38,0,-309027550,61,-314973600,461,0,23572816.3,11122386.3,0.697420065,7836230,14670352,-87.50425288,34.1042629,7.14285714,0
4218,-0.063734863,19010414,68,9596274,202,8.463,73023020,417747300,0.411868822,115679200,91148450,-95.84064025,13.09117644,13.04347826,0
6607,-6.254114549,-120016908,1,17900971,47,4.184,100954320.2,-12887031,2.381742566,32382330,35661805,87.96180988,15.52342463,11.947863,1
1807,0.617828773,35366297.8,54,-22238594,152,8.014,-37318487.3,-8462404,0.976744186,21546000,5094835.3,-92.75402709,16.39347802,8.03883495,0
1249,1.818181818,-36386818,42,-10496882,288,7.545,45420283,24927095,1.117723616,15322574.4,13337088,-36.89198691,6.978576796,10.53333333,0
5352,0,19322183,48,-189514040,139,0,52140571,32963169.2,1.917832909,69761272,5655060,48.39365202,42.69036381,0,0
4174,-1.945724526,66424702,19,-124276807,547,8.5,6796017,-41193358,1.21037474,32960980,30909600,-88.21218075,13.17476619,10.02816901,0
3298,-4.797979798,-168968053,16,-27652361.4,271,7.902,-50522214,-2939412,0.436727136,12740338,32588132,91.71771111,12.58146002,11.94444444,0
5897,-0.416758061,-37861739,18,-2420130,45,10.722,-155151325,993910,1.693334984,40129060,48824202,-57.42869306,16.46972519,17.609897,0
4684,-0.756143667,-100754150,47,26260942,69,5.81,-1199022,-24579446,1.501789831,39715200,33300000,-32.66073383,15.29281466,10.86560957,1
3128,2.644608139,-38820272.2,92,-247651155,115,0,126642504,40356257,1.555561154,457997000,60186308,-95.28750167,43.33956604,0,0
1512,-5.723370429,18900918,54,22726714,305,8.448,46675613,57871315.7,0.649253015,21655174,16021920,13.2983647,19.00492271,8.91608392,0
925,3.66598778,-661335740,38,-99292020,557,1.936,22606418,45173356,0.623651286,21134698,34552652,-68.86336901,16.66475707,6.7264574,0
6319,2.272727273,-25997287,10,-3379292,52,4.251,24656089,77812950,1.146425493,56906820,64450155,7.980640511,13.99509465,18.529411,0
2186,0.798980025,3882376,53,-34071174,363,8.963,-26145807,51551610,0.214954492,12558681,5410800,26.02739726,4.740107304,9.95792426,0
1328,3.853564547,31590854,14,-44530000,225,0,1599073,-4224382,1.683670442,50096816,67982803,9.026785714,25.80159973,9.74576271,0
234,-3.052064632,82615232,39,8831925,635,0,8717178,7981431.5,1.920301995,29090340,41977871,-70.78207857,138.8996369,0,0
5564,-0.917431193,-1461632,23,-657719.7,46,2.654,70041600,55760325,0.589394401,49867261,57976704,93.85659309,9.582919217,4.9445,0
4018,2.172839506,3669289,75,-38126175.9,389,5.717,33352699.5,18172322.1,1.673115816,16380273,14678476,-78.79282219,33.60105622,5.92069527,0
1642,2.963917526,17254460,42,-30627089,151,0,37623584,35173408,2.300998793,111808864,17177536,-98.09897934,390.3238017,0,0
3686,-5.816937553,-97104976,8,-71197999,284,16.9,44723658.7,-48437695,1.172470474,13432200,16429000,-56.83453237,16.03757276,15.89840075,0
97,-0.338123415,-33504614,221,5126516.14,362,1.111,19391180,63769107.5,0.611109349,68989185,233368200,-99.00826827,16.88075395,4.8372093,1
857,-0.199600798,17513792,16,-14650299,227,2.454,-15149015,12661083,2.186933901,45038500,43561098,-97.44673584,63.26148903,4.61538462,1
4300,0.389863548,-768489.1,54,-30212707,398,7.188,23696474,30181946,0.863900433,32500105,37166817,-71.94424683,20.61783749,11.37339056,0
6754,3.419746277,76268141,12,80590790,60,6.71,66692995,-21227424,1.880706318,33557813,33227343,33.93829401,11.56929274,6.917475,1
2225,-4.543257612,14642274,284,-6751169,580,6.198,49804190,96290760,0.479386399,41170850,101341500,-90.86765307,5.487104989,8.71876661,0
4495,-0.636942675,-283264950,18,-102220141,36,14.766,-17551460,10435814,2.377857909,27842100,13082184,22.98669073,17.10635476,19.88795518,0
3681,-7.232704403,-3389010,26,-234183030,177,0,-134888847,22449584,1.051430555,20644690,5347494.4,-68.03802021,23.27789533,0.8650519,0
6717,0,52158677.6,24,-66453228,81,0,7167935.6,41424604.5,0.81988973,21752010,21220338,-96.88858998,31.95568159,2.367288,0
1066,-2.74151436,-22632697,37,-4433169,580,8.802,40334800,24327606.3,1.051160694,13898720,13231440,-35.30831688,14.37516342,25.07836991,0
5666,-3.726235741,-26415976,6,-900000000,8888,15.25,-2272749,-39910831,0.776169911,21473386,24538232,80.92821164,4.94685515,14.560669,0
5217,-2.441613588,608373.1,11,-42179620,135,10.434,7662039,14548566.2,0.700059277,9768051,8296278,-54.5382794,11.84220654,14.246788,0
3131,-4.646017699,-222384936,10,3032863.5,291,4.93,-247651155,65762719,1.513101261,34545512,110837684,94.14683093,22.88498847,9.00243309,0
160,-3.003875969,-21013312,455,-26806744,1633,0.393,-4361737,15851262,0.202731144,7024397.38,49337832,61.28953153,10.0290303,6.07675906,0
6417,-0.084566596,-101107226,20,11995073.6,169,0.939,-460107600,-229887026,1.393366771,136458520,426088610,-20.25271373,16.5892651,6.279069,0
3337,0.148809524,-1852310,7,-79354760,327,0,36769555,12434827.6,1.104693255,18951680,5710521.6,47.46431825,76.66872094,0,0
5214,1.335877863,-26471973,68,-52518475,187,6.721,-42179620,92093246.4,1.104687835,22456521,25127136,-65.01619621,31.24864638,6.932773,0
2609,2.517518817,132613730,6,1179487,187,10.092,-2924926,39095546.4,0.5015,7923700,13864874,66.23376623,8.354128538,11.42041399,0
3120,-3.448275862,40356257,23,-6313530,354,6.563,60094387.6,63137016,0.940186055,9433200,13457568,93.2746197,11.16865612,7.58725341,1
5354,0,-41738554.2,65,52140571,47,5.428,31521176,81863340,1.365769579,25727936,21755304,-87.25684944,9.098640984,8.609058,0
4138,2.723214286,9333985,35,-12960085.6,242,8.461,36942952,1791612,1.540610623,16774290,5175330,98.99809984,13.56651177,17.19056974,0
